Event Index,UTC Timestamp,UTC Date,Local Timestamp,Local Timezone,Local Date,Experiment ID,Experiment Version,Tree Node Key,Repeat Key,Schedule ID,Participant Public ID,Participant Private ID,Participant Starting Group,Participant Status,Participant Completion Code,Participant External Session ID,Participant Device Type,Participant Device,Participant OS,Participant Browser,Participant Monitor Size,Participant Viewport Size,Checkpoint,Task Name,Task Version,reaction time,stimulus,button pressed
1,1600098972327,14/09/2020 15:56:12,1600098971571,3,14/09/2020 18:56:11,25911,5,task-qgn4,,6796827,BLIND,1957386,,complete,,5f5f924874c16e06e0a2cbaa,computer,Desktop or Laptop,Windows 10,Chrome 85.0.4183.102,1920x1080,1920x937,,HeadphonesCheck,1,21334.820000000036,"<p style=""color: black; font-size: 28px; font-weight: bold;"">This is a sound check. Please turn on the sound on.</p>",
2,1600098974937,14/09/2020 15:56:14,1600098974256,3,14/09/2020 18:56:14,25911,5,task-qgn4,,6796827,BLIND,1957386,,complete,,5f5f924874c16e06e0a2cbaa,computer,Desktop or Laptop,Windows 10,Chrome 85.0.4183.102,1920x1080,1920x937,,HeadphonesCheck,1,2675.8150000005116,/task/40825/1/asset/Dog.mp3,1
3,1600098977749,14/09/2020 15:56:17,1600098977091,3,14/09/2020 18:56:17,25911,5,task-qgn4,,6796827,BLIND,1957386,,complete,,5f5f924874c16e06e0a2cbaa,computer,Desktop or Laptop,Windows 10,Chrome 85.0.4183.102,1920x1080,1920x937,,HeadphonesCheck,1,2832.9000000012456,/task/40825/1/asset/Owl.mp3,0
4,1600098979995,14/09/2020 15:56:19,1600098979325,3,14/09/2020 18:56:19,25911,5,task-qgn4,,6796827,BLIND,1957386,,complete,,5f5f924874c16e06e0a2cbaa,computer,Desktop or Laptop,Windows 10,Chrome 85.0.4183.102,1920x1080,1920x937,,HeadphonesCheck,1,2231.595000001107,/task/40825/1/asset/Goat.mp3,0
1,1600099308931,14/09/2020 16:01:48,1600099305480,1,14/09/2020 17:01:45,25911,5,task-qgn4,,6796881,BLIND,1957425,,complete,,5f5f9381c860e10009ef5b03,computer,Desktop or Laptop,Windows 10,Chrome 85.0.4183.102,1360x768,1360x657,,HeadphonesCheck,1,8579.304999992019,"<p style=""color: black; font-size: 28px; font-weight: bold;"">This is a sound check. Please turn on the sound on.</p>",
2,1600099311540,14/09/2020 16:01:51,1600099308246,1,14/09/2020 17:01:48,25911,5,task-qgn4,,6796881,BLIND,1957425,,complete,,5f5f9381c860e10009ef5b03,computer,Desktop or Laptop,Windows 10,Chrome 85.0.4183.102,1360x768,1360x657,,HeadphonesCheck,1,2760.7699999934994,/task/40825/1/asset/Dog.mp3,1
3,1600099313579,14/09/2020 16:01:53,1600099310135,1,14/09/2020 17:01:50,25911,5,task-qgn4,,6796881,BLIND,1957425,,complete,,5f5f9381c860e10009ef5b03,computer,Desktop or Laptop,Windows 10,Chrome 85.0.4183.102,1360x768,1360x657,,HeadphonesCheck,1,1885.8500000205822,/task/40825/1/asset/Owl.mp3,0
4,1600099315715,14/09/2020 16:01:55,1600099312415,1,14/09/2020 17:01:52,25911,5,task-qgn4,,6796881,BLIND,1957425,,complete,,5f5f9381c860e10009ef5b03,computer,Desktop or Laptop,Windows 10,Chrome 85.0.4183.102,1360x768,1360x657,,HeadphonesCheck,1,2277.299999987008,/task/40825/1/asset/Goat.mp3,0
1,1600099315352,14/09/2020 16:01:55,1600099315213,2,14/09/2020 18:01:55,25911,5,task-qgn4,,6796884,BLIND,1957428,,complete,,5f5f934186b7b800089fdf5d,computer,Desktop or Laptop,Linux x86_64,Chrome 85.0.4183.102,2560x1440,1707x837,,HeadphonesCheck,1,8811.05000000025,"<p style=""color: black; font-size: 28px; font-weight: bold;"">This is a sound check. Please turn on the sound on.</p>",
2,1600099318762,14/09/2020 16:01:58,1600099318706,2,14/09/2020 18:01:58,25911,5,task-qgn4,,6796884,BLIND,1957428,,complete,,5f5f934186b7b800089fdf5d,computer,Desktop or Laptop,Linux x86_64,Chrome 85.0.4183.102,2560x1440,1707x837,,HeadphonesCheck,1,3475.2599999992526,/task/40825/1/asset/Dog.mp3,1
3,1600099320719,14/09/2020 16:02:00,1600099320667,2,14/09/2020 18:02:00,25911,5,task-qgn4,,6796884,BLIND,1957428,,complete,,5f5f934186b7b800089fdf5d,computer,Desktop or Laptop,Linux x86_64,Chrome 85.0.4183.102,2560x1440,1707x837,,HeadphonesCheck,1,1958.5500000011962,/task/40825/1/asset/Owl.mp3,0
4,1600099321984,14/09/2020 16:02:01,1600099321946,2,14/09/2020 18:02:01,25911,5,task-qgn4,,6796884,BLIND,1957428,,complete,,5f5f934186b7b800089fdf5d,computer,Desktop or Laptop,Linux x86_64,Chrome 85.0.4183.102,2560x1440,1707x837,,HeadphonesCheck,1,1276.4299999998912,/task/40825/1/asset/Goat.mp3,0
1,1600099319732,14/09/2020 16:01:59,1600099319290,2,14/09/2020 18:01:59,25911,5,task-qgn4,,6796885,BLIND,1957429,,complete,,5f5f92fc0f813d000af3cf66,computer,Desktop or Laptop,Windows 10,Chrome 85.0.4183.102,1366x768,1366x657,,HeadphonesCheck,1,7385.450000001583,"<p style=""color: black; font-size: 28px; font-weight: bold;"">This is a sound check. Please turn on the sound on.</p>",
2,1600099336598,14/09/2020 16:02:16,1600099336211,2,14/09/2020 18:02:16,25911,5,task-qgn4,,6796885,BLIND,1957429,,complete,,5f5f92fc0f813d000af3cf66,computer,Desktop or Laptop,Windows 10,Chrome 85.0.4183.102,1366x768,1366x657,,HeadphonesCheck,1,16909.774999992806,/task/40825/1/asset/Dog.mp3,1
3,1600099344819,14/09/2020 16:02:24,1600099344433,2,14/09/2020 18:02:24,25911,5,task-qgn4,,6796885,BLIND,1957429,,complete,,5f5f92fc0f813d000af3cf66,computer,Desktop or Laptop,Windows 10,Chrome 85.0.4183.102,1366x768,1366x657,,HeadphonesCheck,1,8219.180000000051,/task/40825/1/asset/Owl.mp3,0
4,1600099348068,14/09/2020 16:02:28,1600099347696,2,14/09/2020 18:02:27,25911,5,task-qgn4,,6796885,BLIND,1957429,,complete,,5f5f92fc0f813d000af3cf66,computer,Desktop or Laptop,Windows 10,Chrome 85.0.4183.102,1366x768,1366x657,,HeadphonesCheck,1,3261.419999995269,/task/40825/1/asset/Goat.mp3,0
1,1600099335017,14/09/2020 16:02:15,1600099334702,2,14/09/2020 18:02:14,25911,5,task-qgn4,,6796894,BLIND,1957430,,complete,,5f5f93a590c437000a2e8e38,computer,Desktop or Laptop,Windows 10,Chrome 85.0.4183.83,1600x900,1600x757,,HeadphonesCheck,1,4294.405000284314,"<p style=""color: black; font-size: 28px; font-weight: bold;"">This is a sound check. Please turn on the sound on.</p>",
2,1600099338067,14/09/2020 16:02:18,1600099337807,2,14/09/2020 18:02:17,25911,5,task-qgn4,,6796894,BLIND,1957430,,complete,,5f5f93a590c437000a2e8e38,computer,Desktop or Laptop,Windows 10,Chrome 85.0.4183.83,1600x900,1600x757,,HeadphonesCheck,1,3068.675000220537,/task/40825/1/asset/Dog.mp3,1
3,1600099347162,14/09/2020 16:02:27,1600099346926,2,14/09/2020 18:02:26,25911,5,task-qgn4,,6796894,BLIND,1957430,,complete,,5f5f93a590c437000a2e8e38,computer,Desktop or Laptop,Windows 10,Chrome 85.0.4183.83,1600x900,1600x757,,HeadphonesCheck,1,9116.290000267327,/task/40825/1/asset/Owl.mp3,0
4,1600099349709,14/09/2020 16:02:29,1600099349477,2,14/09/2020 18:02:29,25911,5,task-qgn4,,6796894,BLIND,1957430,,complete,,5f5f93a590c437000a2e8e38,computer,Desktop or Laptop,Windows 10,Chrome 85.0.4183.83,1600x900,1600x757,,HeadphonesCheck,1,2548.7850001081824,/task/40825/1/asset/Goat.mp3,0
1,1600099370134,14/09/2020 16:02:50,1600099370253,2,14/09/2020 18:02:50,25911,5,task-qgn4,,6796907,BLIND,1957432,,complete,,5f5f93a47501bf0009095b54,computer,Desktop or Laptop,Mac OS 10.10.5,Chrome 85.0.4183.102,1366x768,1367x598,,HeadphonesCheck,1,15588.560000003781,"<p style=""color: black; font-size: 28px; font-weight: bold;"">This is a sound check. Please turn on the sound on.</p>",
2,1600099372563,14/09/2020 16:02:52,1600099372729,2,14/09/2020 18:02:52,25911,5,task-qgn4,,6796907,BLIND,1957432,,complete,,5f5f93a47501bf0009095b54,computer,Desktop or Laptop,Mac OS 10.10.5,Chrome 85.0.4183.102,1366x768,1367x598,,HeadphonesCheck,1,2456.9250000058673,/task/40825/1/asset/Dog.mp3,1
3,1600099375412,14/09/2020 16:02:55,1600099375594,2,14/09/2020 18:02:55,25911,5,task-qgn4,,6796907,BLIND,1957432,,complete,,5f5f93a47501bf0009095b54,computer,Desktop or Laptop,Mac OS 10.10.5,Chrome 85.0.4183.102,1366x768,1367x598,,HeadphonesCheck,1,2859.889999992447,/task/40825/1/asset/Owl.mp3,0
4,1600099378085,14/09/2020 16:02:58,1600099378276,2,14/09/2020 18:02:58,25911,5,task-qgn4,,6796907,BLIND,1957432,,complete,,5f5f93a47501bf0009095b54,computer,Desktop or Laptop,Mac OS 10.10.5,Chrome 85.0.4183.102,1366x768,1367x598,,HeadphonesCheck,1,2678.1499999924563,/task/40825/1/asset/Goat.mp3,0
1,1600099374037,14/09/2020 16:02:54,1600099373894,2,14/09/2020 18:02:53,25911,5,task-qgn4,,6796913,BLIND,1957456,,complete,,5f5f93f5e242fa000946dead,computer,Desktop or Laptop,Windows 7,Chrome 85.0.4183.102,1920x1080,1920x969,,HeadphonesCheck,1,4056.7550000000665,"<p style=""color: black; font-size: 28px; font-weight: bold;"">This is a sound check. Please turn on the sound on.</p>",
2,1600099377007,14/09/2020 16:02:57,1600099376912,2,14/09/2020 18:02:56,25911,5,task-qgn4,,6796913,BLIND,1957456,,complete,,5f5f93f5e242fa000946dead,computer,Desktop or Laptop,Windows 7,Chrome 85.0.4183.102,1920x1080,1920x969,,HeadphonesCheck,1,3005.749999999807,/task/40825/1/asset/Dog.mp3,1
3,1600099381081,14/09/2020 16:03:01,1600099381006,2,14/09/2020 18:03:01,25911,5,task-qgn4,,6796913,BLIND,1957456,,complete,,5f5f93f5e242fa000946dead,computer,Desktop or Laptop,Windows 7,Chrome 85.0.4183.102,1920x1080,1920x969,,HeadphonesCheck,1,4090.560000000096,/task/40825/1/asset/Owl.mp3,0
4,1600099383143,14/09/2020 16:03:03,1600099383059,2,14/09/2020 18:03:03,25911,5,task-qgn4,,6796913,BLIND,1957456,,complete,,5f5f93f5e242fa000946dead,computer,Desktop or Laptop,Windows 7,Chrome 85.0.4183.102,1920x1080,1920x969,,HeadphonesCheck,1,2049.3749999996,/task/40825/1/asset/Goat.mp3,0
1,1600099392872,14/09/2020 16:03:12,1600099392002,2,14/09/2020 18:03:12,25911,5,task-qgn4,,6796918,BLIND,1957458,,complete,,5f5f93fb6ce6c000088ebd77,computer,Desktop or Laptop,Windows 10,Chrome 85.0.4183.83,1536x864,1536x754,,HeadphonesCheck,1,10873.330000031274,"<p style=""color: black; font-size: 28px; font-weight: bold;"">This is a sound check. Please turn on the sound on.</p>",
2,1600099397106,14/09/2020 16:03:17,1600099396276,2,14/09/2020 18:03:16,25911,5,task-qgn4,,6796918,BLIND,1957458,,complete,,5f5f93fb6ce6c000088ebd77,computer,Desktop or Laptop,Windows 10,Chrome 85.0.4183.83,1536x864,1536x754,,HeadphonesCheck,1,4259.164999995846,/task/40825/1/asset/Dog.mp3,1
3,1600099399468,14/09/2020 16:03:19,1600099398656,2,14/09/2020 18:03:18,25911,5,task-qgn4,,6796918,BLIND,1957458,,complete,,5f5f93fb6ce6c000088ebd77,computer,Desktop or Laptop,Windows 10,Chrome 85.0.4183.83,1536x864,1536x754,,HeadphonesCheck,1,2377.3049999726936,/task/40825/1/asset/Owl.mp3,0
4,1600099401155,14/09/2020 16:03:21,1600099400345,2,14/09/2020 18:03:20,25911,5,task-qgn4,,6796918,BLIND,1957458,,complete,,5f5f93fb6ce6c000088ebd77,computer,Desktop or Laptop,Windows 10,Chrome 85.0.4183.83,1536x864,1536x754,,HeadphonesCheck,1,1687.2699999948964,/task/40825/1/asset/Goat.mp3,0
1,1600099398921,14/09/2020 16:03:18,1600099398828,2,14/09/2020 18:03:18,25911,5,task-qgn4,,6796920,BLIND,1957445,,complete,,5f5f93d9587fca000a90f907,computer,Desktop or Laptop,Windows 10,Chrome 85.0.4183.102,1920x1080,1920x969,,HeadphonesCheck,1,13519.170000000486,"<p style=""color: black; font-size: 28px; font-weight: bold;"">This is a sound check. Please turn on the sound on.</p>",
2,1600099404561,14/09/2020 16:03:24,1600099404553,2,14/09/2020 18:03:24,25911,5,task-qgn4,,6796920,BLIND,1957445,,complete,,5f5f93d9587fca000a90f907,computer,Desktop or Laptop,Windows 10,Chrome 85.0.4183.102,1920x1080,1920x969,,HeadphonesCheck,1,5691.654999999628,/task/40825/1/asset/Dog.mp3,1
3,1600099407095,14/09/2020 16:03:27,1600099407052,2,14/09/2020 18:03:27,25911,5,task-qgn4,,6796920,BLIND,1957445,,complete,,5f5f93d9587fca000a90f907,computer,Desktop or Laptop,Windows 10,Chrome 85.0.4183.102,1920x1080,1920x969,,HeadphonesCheck,1,2495.9549999994124,/task/40825/1/asset/Owl.mp3,0
4,1600099408674,14/09/2020 16:03:28,1600099408685,2,14/09/2020 18:03:28,25911,5,task-qgn4,,6796920,BLIND,1957445,,complete,,5f5f93d9587fca000a90f907,computer,Desktop or Laptop,Windows 10,Chrome 85.0.4183.102,1920x1080,1920x969,,HeadphonesCheck,1,1630.0699999992503,/task/40825/1/asset/Goat.mp3,0
1,1600099406527,14/09/2020 16:03:26,1600099406695,3,14/09/2020 19:03:26,25911,5,task-qgn4,,6796924,BLIND,1957457,,complete,,5f5f93c02913b3000a310d65,computer,Desktop or Laptop,Windows 10,Chrome 85.0.4183.102,1536x864,1536x722,,HeadphonesCheck,1,9982.224999999744,"<p style=""color: black; font-size: 28px; font-weight: bold;"">This is a sound check. Please turn on the sound on.</p>",
2,1600099408909,14/09/2020 16:03:28,1600099409120,3,14/09/2020 19:03:29,25911,5,task-qgn4,,6796924,BLIND,1957457,,complete,,5f5f93c02913b3000a310d65,computer,Desktop or Laptop,Windows 10,Chrome 85.0.4183.102,1536x864,1536x722,,HeadphonesCheck,1,2416.450000000623,/task/40825/1/asset/Dog.mp3,1
3,1600099413890,14/09/2020 16:03:33,1600099414087,3,14/09/2020 19:03:34,25911,5,task-qgn4,,6796924,BLIND,1957457,,complete,,5f5f93c02913b3000a310d65,computer,Desktop or Laptop,Windows 10,Chrome 85.0.4183.102,1536x864,1536x722,,HeadphonesCheck,1,4965.374999999767,/task/40825/1/asset/Owl.mp3,0
4,1600099415234,14/09/2020 16:03:35,1600099415447,3,14/09/2020 19:03:35,25911,5,task-qgn4,,6796924,BLIND,1957457,,complete,,5f5f93c02913b3000a310d65,computer,Desktop or Laptop,Windows 10,Chrome 85.0.4183.102,1536x864,1536x722,,HeadphonesCheck,1,1358.4700000028533,/task/40825/1/asset/Goat.mp3,0
1,1600099404911,14/09/2020 16:03:24,1600099405526,2,14/09/2020 18:03:25,25911,5,task-qgn4,,6796928,BLIND,1957439,,complete,,5f5f93c7dc4cd7000abb0335,computer,Desktop or Laptop,Windows 10,Chrome 85.0.4183.102,1536x864,1536x722,,HeadphonesCheck,1,4209.220000018831,"<p style=""color: black; font-size: 28px; font-weight: bold;"">This is a sound check. Please turn on the sound on.</p>",
2,1600099408159,14/09/2020 16:03:28,1600099408829,2,14/09/2020 18:03:28,25911,5,task-qgn4,,6796928,BLIND,1957439,,complete,,5f5f93c7dc4cd7000abb0335,computer,Desktop or Laptop,Windows 10,Chrome 85.0.4183.102,1536x864,1536x722,,HeadphonesCheck,1,3291.1650000023656,/task/40825/1/asset/Dog.mp3,1
3,1600099412249,14/09/2020 16:03:32,1600099412931,2,14/09/2020 18:03:32,25911,5,task-qgn4,,6796928,BLIND,1957439,,complete,,5f5f93c7dc4cd7000abb0335,computer,Desktop or Laptop,Windows 10,Chrome 85.0.4183.102,1536x864,1536x722,,HeadphonesCheck,1,4098.935000016354,/task/40825/1/asset/Owl.mp3,0
4,1600099414874,14/09/2020 16:03:34,1600099415555,2,14/09/2020 18:03:35,25911,5,task-qgn4,,6796928,BLIND,1957439,,complete,,5f5f93c7dc4cd7000abb0335,computer,Desktop or Laptop,Windows 10,Chrome 85.0.4183.102,1536x864,1536x722,,HeadphonesCheck,1,2621.594999975059,/task/40825/1/asset/Goat.mp3,0
1,1600099431750,14/09/2020 16:03:51,1600099427396,1,14/09/2020 17:03:47,25911,5,task-qgn4,,6796941,BLIND,1957466,,complete,,5f5f93edad4374000c75276f,computer,Desktop or Laptop,Mac OS 10.15.5,Chrome 85.0.4183.102,1680x1050,1680x851,,HeadphonesCheck,1,9239.784999983385,"<p style=""color: black; font-size: 28px; font-weight: bold;"">This is a sound check. Please turn on the sound on.</p>",
2,1600099438361,14/09/2020 16:03:58,1600099434129,1,14/09/2020 17:03:54,25911,5,task-qgn4,,6796941,BLIND,1957466,,complete,,5f5f93edad4374000c75276f,computer,Desktop or Laptop,Mac OS 10.15.5,Chrome 85.0.4183.102,1680x1050,1680x851,,HeadphonesCheck,1,6718.430000008084,/task/40825/1/asset/Dog.mp3,1
3,1600099441947,14/09/2020 16:04:01,1600099437736,1,14/09/2020 17:03:57,25911,5,task-qgn4,,6796941,BLIND,1957466,,complete,,5f5f93edad4374000c75276f,computer,Desktop or Laptop,Mac OS 10.15.5,Chrome 85.0.4183.102,1680x1050,1680x851,,HeadphonesCheck,1,3604.399999952875,/task/40825/1/asset/Owl.mp3,0
4,1600099443416,14/09/2020 16:04:03,1600099439179,1,14/09/2020 17:03:59,25911,5,task-qgn4,,6796941,BLIND,1957466,,complete,,5f5f93edad4374000c75276f,computer,Desktop or Laptop,Mac OS 10.15.5,Chrome 85.0.4183.102,1680x1050,1680x851,,HeadphonesCheck,1,1440.8549999352545,/task/40825/1/asset/Goat.mp3,0
1,1600099545705,14/09/2020 16:05:45,1600099545141,3,14/09/2020 19:05:45,25911,5,task-qgn4,,6796948,BLIND,1957441,,complete,,5f5f935f28de5000094af8f6,computer,Desktop or Laptop,Windows 10,Chrome 85.0.4183.102,1920x1080,1920x969,,HeadphonesCheck,1,111058.57999999994,"<p style=""color: black; font-size: 28px; font-weight: bold;"">This is a sound check. Please turn on the sound on.</p>",
2,1600099548908,14/09/2020 16:05:48,1600099548404,3,14/09/2020 19:05:48,25911,5,task-qgn4,,6796948,BLIND,1957441,,complete,,5f5f935f28de5000094af8f6,computer,Desktop or Laptop,Windows 10,Chrome 85.0.4183.102,1920x1080,1920x969,,HeadphonesCheck,1,3261.2550000000047,/task/40825/1/asset/Dog.mp3,3
3,1600099564851,14/09/2020 16:06:04,1600099564307,3,14/09/2020 19:06:04,25911,5,task-qgn4,,6796948,BLIND,1957441,,complete,,5f5f935f28de5000094af8f6,computer,Desktop or Laptop,Windows 10,Chrome 85.0.4183.102,1920x1080,1920x969,,HeadphonesCheck,1,15901.87500000003,/task/40825/1/asset/Owl.mp3,3
4,1600099571711,14/09/2020 16:06:11,1600099571201,3,14/09/2020 19:06:11,25911,5,task-qgn4,,6796948,BLIND,1957441,,complete,,5f5f935f28de5000094af8f6,computer,Desktop or Laptop,Windows 10,Chrome 85.0.4183.102,1920x1080,1920x969,,HeadphonesCheck,1,6892.25999999998,/task/40825/1/asset/Goat.mp3,3
1,1600099459123,14/09/2020 16:04:19,1600099459723,1,14/09/2020 17:04:19,25911,5,task-qgn4,,6796953,BLIND,1957438,,complete,,5f5f93d1286ecf000a36952e,computer,Desktop or Laptop,Windows 10,Chrome 85.0.4183.102,1920x1080,1920x969,,HeadphonesCheck,1,18858.374999999796,"<p style=""color: black; font-size: 28px; font-weight: bold;"">This is a sound check. Please turn on the sound on.</p>",
2,1600099466967,14/09/2020 16:04:26,1600099467614,1,14/09/2020 17:04:27,25911,5,task-qgn4,,6796953,BLIND,1957438,,complete,,5f5f93d1286ecf000a36952e,computer,Desktop or Laptop,Windows 10,Chrome 85.0.4183.102,1920x1080,1920x969,,HeadphonesCheck,1,7887.950000000274,/task/40825/1/asset/Dog.mp3,1
3,1600099469141,14/09/2020 16:04:29,1600099469790,1,14/09/2020 17:04:29,25911,5,task-qgn4,,6796953,BLIND,1957438,,complete,,5f5f93d1286ecf000a36952e,computer,Desktop or Laptop,Windows 10,Chrome 85.0.4183.102,1920x1080,1920x969,,HeadphonesCheck,1,2174.030000001949,/task/40825/1/asset/Owl.mp3,0
4,1600099470683,14/09/2020 16:04:30,1600099471328,1,14/09/2020 17:04:31,25911,5,task-qgn4,,6796953,BLIND,1957438,,complete,,5f5f93d1286ecf000a36952e,computer,Desktop or Laptop,Windows 10,Chrome 85.0.4183.102,1920x1080,1920x969,,HeadphonesCheck,1,1536.3350000006903,/task/40825/1/asset/Goat.mp3,0
1,1600099460529,14/09/2020 16:04:20,1600099459185,2,14/09/2020 18:04:19,25911,5,task-qgn4,,6796955,BLIND,1957442,,complete,,5f5f93d584bb5800095610fb,computer,Desktop or Laptop,Windows 10,Chrome 85.0.4183.102,1920x1080,1920x975,,HeadphonesCheck,1,17703.970000000027,"<p style=""color: black; font-size: 28px; font-weight: bold;"">This is a sound check. Please turn on the sound on.</p>",
2,1600099468375,14/09/2020 16:04:28,1600099467067,2,14/09/2020 18:04:27,25911,5,task-qgn4,,6796955,BLIND,1957442,,complete,,5f5f93d584bb5800095610fb,computer,Desktop or Laptop,Windows 10,Chrome 85.0.4183.102,1920x1080,1920x975,,HeadphonesCheck,1,7872.2099999999955,/task/40825/1/asset/Dog.mp3,1
3,1600099471058,14/09/2020 16:04:31,1600099469754,2,14/09/2020 18:04:29,25911,5,task-qgn4,,6796955,BLIND,1957442,,complete,,5f5f93d584bb5800095610fb,computer,Desktop or Laptop,Windows 10,Chrome 85.0.4183.102,1920x1080,1920x975,,HeadphonesCheck,1,2685.2399999997942,/task/40825/1/asset/Owl.mp3,0
4,1600099472885,14/09/2020 16:04:32,1600099471583,2,14/09/2020 18:04:31,25911,5,task-qgn4,,6796955,BLIND,1957442,,complete,,5f5f93d584bb5800095610fb,computer,Desktop or Laptop,Windows 10,Chrome 85.0.4183.102,1920x1080,1920x975,,HeadphonesCheck,1,1826.8600000001243,/task/40825/1/asset/Goat.mp3,0
1,1600099465171,14/09/2020 16:04:25,1600099470987,1,14/09/2020 17:04:30,25911,5,task-qgn4,,6796958,BLIND,1957460,,complete,,5f5f93f099c211000b62172a,computer,Desktop or Laptop,Windows 10,Chrome 85.0.4183.102,1366x768,1366x576,,HeadphonesCheck,1,9196.504999999888,"<p style=""color: black; font-size: 28px; font-weight: bold;"">This is a sound check. Please turn on the sound on.</p>",
2,1600099468424,14/09/2020 16:04:28,1600099475491,1,14/09/2020 17:04:35,25911,5,task-qgn4,,6796958,BLIND,1957460,,complete,,5f5f93f099c211000b62172a,computer,Desktop or Laptop,Windows 10,Chrome 85.0.4183.102,1366x768,1366x576,,HeadphonesCheck,1,4484.54999999376,/task/40825/1/asset/Dog.mp3,1
3,1600099471370,14/09/2020 16:04:31,1600099478382,1,14/09/2020 17:04:38,25911,5,task-qgn4,,6796958,BLIND,1957460,,complete,,5f5f93f099c211000b62172a,computer,Desktop or Laptop,Windows 10,Chrome 85.0.4183.102,1366x768,1366x576,,HeadphonesCheck,1,2887.670000025537,/task/40825/1/asset/Owl.mp3,0
4,1600099474229,14/09/2020 16:04:34,1600099480601,1,14/09/2020 17:04:40,25911,5,task-qgn4,,6796958,BLIND,1957460,,complete,,5f5f93f099c211000b62172a,computer,Desktop or Laptop,Windows 10,Chrome 85.0.4183.102,1366x768,1366x576,,HeadphonesCheck,1,2213.744999957271,/task/40825/1/asset/Goat.mp3,0
1,1600099471417,14/09/2020 16:04:31,1600099472431,2,14/09/2020 18:04:32,25911,5,task-qgn4,,6796968,BLIND,1957431,,complete,,5f5f937d6601f6000a8ba1e5,computer,Desktop or Laptop,Linux x86_64,Chrome 85.0.4183.102,1366x768,1366x642,,HeadphonesCheck,1,10792.859999999564,"<p style=""color: black; font-size: 28px; font-weight: bold;"">This is a sound check. Please turn on the sound on.</p>",
2,1600099475619,14/09/2020 16:04:35,1600099476787,2,14/09/2020 18:04:36,25911,5,task-qgn4,,6796968,BLIND,1957431,,complete,,5f5f937d6601f6000a8ba1e5,computer,Desktop or Laptop,Linux x86_64,Chrome 85.0.4183.102,1366x768,1366x642,,HeadphonesCheck,1,4344.5849999998245,/task/40825/1/asset/Dog.mp3,1
3,1600099478371,14/09/2020 16:04:38,1600099479552,2,14/09/2020 18:04:39,25911,5,task-qgn4,,6796968,BLIND,1957431,,complete,,5f5f937d6601f6000a8ba1e5,computer,Desktop or Laptop,Linux x86_64,Chrome 85.0.4183.102,1366x768,1366x642,,HeadphonesCheck,1,2747.425000000021,/task/40825/1/asset/Owl.mp3,0
4,1600099480561,14/09/2020 16:04:40,1600099481683,2,14/09/2020 18:04:41,25911,5,task-qgn4,,6796968,BLIND,1957431,,complete,,5f5f937d6601f6000a8ba1e5,computer,Desktop or Laptop,Linux x86_64,Chrome 85.0.4183.102,1366x768,1366x642,,HeadphonesCheck,1,2102.3150000000896,/task/40825/1/asset/Goat.mp3,0
1,1600099468267,14/09/2020 16:04:28,1600099468031,3,14/09/2020 19:04:28,25911,5,task-qgn4,,6796969,BLIND,1957451,,complete,,5f5f93deb913f3000885716f,computer,Desktop or Laptop,Mac OS 10.14.1,Chrome 84.0.4147.135,1440x900,1440x699,,HeadphonesCheck,1,7879.895000020042,"<p style=""color: black; font-size: 28px; font-weight: bold;"">This is a sound check. Please turn on the sound on.</p>",
2,1600099472058,14/09/2020 16:04:32,1600099471953,3,14/09/2020 19:04:31,25911,5,task-qgn4,,6796969,BLIND,1957451,,complete,,5f5f93deb913f3000885716f,computer,Desktop or Laptop,Mac OS 10.14.1,Chrome 84.0.4147.135,1440x900,1440x699,,HeadphonesCheck,1,3914.474999997765,/task/40825/1/asset/Dog.mp3,1
3,1600099473808,14/09/2020 16:04:33,1600099473745,3,14/09/2020 19:04:33,25911,5,task-qgn4,,6796969,BLIND,1957451,,complete,,5f5f93deb913f3000885716f,computer,Desktop or Laptop,Mac OS 10.14.1,Chrome 84.0.4147.135,1440x900,1440x699,,HeadphonesCheck,1,1787.4549999833107,/task/40825/1/asset/Owl.mp3,0
4,1600099476260,14/09/2020 16:04:36,1600099476192,3,14/09/2020 19:04:36,25911,5,task-qgn4,,6796969,BLIND,1957451,,complete,,5f5f93deb913f3000885716f,computer,Desktop or Laptop,Mac OS 10.14.1,Chrome 84.0.4147.135,1440x900,1440x699,,HeadphonesCheck,1,2441.925000050105,/task/40825/1/asset/Goat.mp3,0
1,1600099471400,14/09/2020 16:04:31,1600099471200,1,14/09/2020 17:04:31,25911,5,task-qgn4,,6796970,BLIND,1957479,,complete,,5f5f93fb24836e000a1e7ca5,computer,Desktop or Laptop,Linux x86_64,Chrome 85.0.4183.83,1920x1080,1536x739,,HeadphonesCheck,1,9903.304999999818,"<p style=""color: black; font-size: 28px; font-weight: bold;"">This is a sound check. Please turn on the sound on.</p>",
2,1600099475072,14/09/2020 16:04:35,1600099475022,1,14/09/2020 17:04:35,25911,5,task-qgn4,,6796970,BLIND,1957479,,complete,,5f5f93fb24836e000a1e7ca5,computer,Desktop or Laptop,Linux x86_64,Chrome 85.0.4183.83,1920x1080,1536x739,,HeadphonesCheck,1,3808.070000002772,/task/40825/1/asset/Dog.mp3,1
3,1600099477230,14/09/2020 16:04:37,1600099477160,1,14/09/2020 17:04:37,25911,5,task-qgn4,,6796970,BLIND,1957479,,complete,,5f5f93fb24836e000a1e7ca5,computer,Desktop or Laptop,Linux x86_64,Chrome 85.0.4183.83,1920x1080,1536x739,,HeadphonesCheck,1,2133.6000000010245,/task/40825/1/asset/Owl.mp3,0
4,1600099478650,14/09/2020 16:04:38,1600099478594,1,14/09/2020 17:04:38,25911,5,task-qgn4,,6796970,BLIND,1957479,,complete,,5f5f93fb24836e000a1e7ca5,computer,Desktop or Laptop,Linux x86_64,Chrome 85.0.4183.83,1920x1080,1536x739,,HeadphonesCheck,1,1426.2149999995017,/task/40825/1/asset/Goat.mp3,0
1,1600099485409,14/09/2020 16:04:45,1600099486092,1,14/09/2020 17:04:46,25911,5,task-qgn4,,6796979,BLIND,1957455,,complete,,5f5f93ec1982fe000bf1dd54,computer,Desktop or Laptop,Windows 10,Chrome 85.0.4183.102,1920x1080,1920x937,,HeadphonesCheck,1,5388.494999991963,"<p style=""color: black; font-size: 28px; font-weight: bold;"">This is a sound check. Please turn on the sound on.</p>",
2,1600099487628,14/09/2020 16:04:47,1600099488324,1,14/09/2020 17:04:48,25911,5,task-qgn4,,6796979,BLIND,1957455,,complete,,5f5f93ec1982fe000bf1dd54,computer,Desktop or Laptop,Windows 10,Chrome 85.0.4183.102,1920x1080,1920x937,,HeadphonesCheck,1,2223.265000007814,/task/40825/1/asset/Dog.mp3,1
3,1600099489752,14/09/2020 16:04:49,1600099490471,1,14/09/2020 17:04:50,25911,5,task-qgn4,,6796979,BLIND,1957455,,complete,,5f5f93ec1982fe000bf1dd54,computer,Desktop or Laptop,Windows 10,Chrome 85.0.4183.102,1920x1080,1920x937,,HeadphonesCheck,1,2145.215000011376,/task/40825/1/asset/Owl.mp3,0
4,1600099491368,14/09/2020 16:04:51,1600099492101,1,14/09/2020 17:04:52,25911,5,task-qgn4,,6796979,BLIND,1957455,,complete,,5f5f93ec1982fe000bf1dd54,computer,Desktop or Laptop,Windows 10,Chrome 85.0.4183.102,1920x1080,1920x937,,HeadphonesCheck,1,1628.549999993993,/task/40825/1/asset/Goat.mp3,0
1,1600099484390,14/09/2020 16:04:44,1600099484105,1,14/09/2020 17:04:44,25911,5,task-qgn4,,6796983,BLIND,1957477,,complete,,5f5f93fe2913b3000ca04ad7,computer,Desktop or Laptop,Windows 10,Chrome 85.0.4183.102,1280x720,1280x610,,HeadphonesCheck,1,2301.7849999887403,"<p style=""color: black; font-size: 28px; font-weight: bold;"">This is a sound check. Please turn on the sound on.</p>",
2,1600099488739,14/09/2020 16:04:48,1600099488501,1,14/09/2020 17:04:48,25911,5,task-qgn4,,6796983,BLIND,1957477,,complete,,5f5f93fe2913b3000ca04ad7,computer,Desktop or Laptop,Windows 10,Chrome 85.0.4183.102,1280x720,1280x610,,HeadphonesCheck,1,4393.084999988787,/task/40825/1/asset/Dog.mp3,1
3,1600099490945,14/09/2020 16:04:50,1600099490772,1,14/09/2020 17:04:50,25911,5,task-qgn4,,6796983,BLIND,1957477,,complete,,5f5f93fe2913b3000ca04ad7,computer,Desktop or Laptop,Windows 10,Chrome 85.0.4183.102,1280x720,1280x610,,HeadphonesCheck,1,2268.855000002077,/task/40825/1/asset/Owl.mp3,0
4,1600099492824,14/09/2020 16:04:52,1600099492652,1,14/09/2020 17:04:52,25911,5,task-qgn4,,6796983,BLIND,1957477,,complete,,5f5f93fe2913b3000ca04ad7,computer,Desktop or Laptop,Windows 10,Chrome 85.0.4183.102,1280x720,1280x610,,HeadphonesCheck,1,1877.039999992121,/task/40825/1/asset/Goat.mp3,0
1,1600099519217,14/09/2020 16:05:19,1600099517696,2,14/09/2020 18:05:17,25911,5,task-qgn4,,6796995,BLIND,1957435,,complete,,5f5f93b4830e09000a880c57,computer,Desktop or Laptop,Windows 10,Chrome 85.0.4183.102,1920x1080,1920x1007,,HeadphonesCheck,1,6791.935000001104,"<p style=""color: black; font-size: 28px; font-weight: bold;"">This is a sound check. Please turn on the sound on.</p>",
2,1600099522170,14/09/2020 16:05:22,1600099520681,2,14/09/2020 18:05:20,25911,5,task-qgn4,,6796995,BLIND,1957435,,complete,,5f5f93b4830e09000a880c57,computer,Desktop or Laptop,Windows 10,Chrome 85.0.4183.102,1920x1080,1920x1007,,HeadphonesCheck,1,2976.0649999989255,/task/40825/1/asset/Dog.mp3,1
3,1600099524279,14/09/2020 16:05:24,1600099522765,2,14/09/2020 18:05:22,25911,5,task-qgn4,,6796995,BLIND,1957435,,complete,,5f5f93b4830e09000a880c57,computer,Desktop or Laptop,Windows 10,Chrome 85.0.4183.102,1920x1080,1920x1007,,HeadphonesCheck,1,2081.9849999970756,/task/40825/1/asset/Owl.mp3,0
4,1600099526545,14/09/2020 16:05:26,1600099525069,2,14/09/2020 18:05:25,25911,5,task-qgn4,,6796995,BLIND,1957435,,complete,,5f5f93b4830e09000a880c57,computer,Desktop or Laptop,Windows 10,Chrome 85.0.4183.102,1920x1080,1920x1007,,HeadphonesCheck,1,2302.0049999977346,/task/40825/1/asset/Goat.mp3,0
1,1600099554394,14/09/2020 16:05:54,1600099554445,-3,14/09/2020 13:05:54,25911,5,task-qgn4,,6797017,BLIND,1957491,,complete,,5f5f942cca1690000bf780c5,computer,Desktop or Laptop,Windows 10,Chrome 85.0.4183.102,1536x864,1536x754,,HeadphonesCheck,1,5995.144999999866,"<p style=""color: black; font-size: 28px; font-weight: bold;"">This is a sound check. Please turn on the sound on.</p>",
2,1600099557863,14/09/2020 16:05:57,1600099557988,-3,14/09/2020 13:05:57,25911,5,task-qgn4,,6797017,BLIND,1957491,,complete,,5f5f942cca1690000bf780c5,computer,Desktop or Laptop,Windows 10,Chrome 85.0.4183.102,1536x864,1536x754,,HeadphonesCheck,1,3538.5699999997087,/task/40825/1/asset/Dog.mp3,1
3,1600099559882,14/09/2020 16:05:59,1600099559980,-3,14/09/2020 13:05:59,25911,5,task-qgn4,,6797017,BLIND,1957491,,complete,,5f5f942cca1690000bf780c5,computer,Desktop or Laptop,Windows 10,Chrome 85.0.4183.102,1536x864,1536x754,,HeadphonesCheck,1,1988.7449999996534,/task/40825/1/asset/Owl.mp3,0
4,1600099561632,14/09/2020 16:06:01,1600099561747,-3,14/09/2020 13:06:01,25911,5,task-qgn4,,6797017,BLIND,1957491,,complete,,5f5f942cca1690000bf780c5,computer,Desktop or Laptop,Windows 10,Chrome 85.0.4183.102,1536x864,1536x754,,HeadphonesCheck,1,1764.0849999997954,/task/40825/1/asset/Goat.mp3,0
1,1600099679758,14/09/2020 16:07:59,1600099679588,2,14/09/2020 18:07:59,25911,5,task-qgn4,,6797065,BLIND,1957488,,complete,,5f5f93aca5691f000a314419,computer,Desktop or Laptop,Windows 10,Chrome 85.0.4183.102,1536x864,1536x754,,HeadphonesCheck,1,6874.99000004027,"<p style=""color: black; font-size: 28px; font-weight: bold;"">This is a sound check. Please turn on the sound on.</p>",
2,1600099683929,14/09/2020 16:08:03,1600099683984,2,14/09/2020 18:08:03,25911,5,task-qgn4,,6797065,BLIND,1957488,,complete,,5f5f93aca5691f000a314419,computer,Desktop or Laptop,Windows 10,Chrome 85.0.4183.102,1536x864,1536x754,,HeadphonesCheck,1,4384.8650000290945,/task/40825/1/asset/Dog.mp3,1
3,1600099686461,14/09/2020 16:08:06,1600099686522,2,14/09/2020 18:08:06,25911,5,task-qgn4,,6797065,BLIND,1957488,,complete,,5f5f93aca5691f000a314419,computer,Desktop or Laptop,Windows 10,Chrome 85.0.4183.102,1536x864,1536x754,,HeadphonesCheck,1,2536.0600000130944,/task/40825/1/asset/Owl.mp3,0
4,1600099688711,14/09/2020 16:08:08,1600099688772,2,14/09/2020 18:08:08,25911,5,task-qgn4,,6797065,BLIND,1957488,,complete,,5f5f93aca5691f000a314419,computer,Desktop or Laptop,Windows 10,Chrome 85.0.4183.102,1536x864,1536x754,,HeadphonesCheck,1,2247.9049999965355,/task/40825/1/asset/Goat.mp3,0
1,1600099743451,14/09/2020 16:09:03,1600099743458,1,14/09/2020 17:09:03,25911,5,task-qgn4,,6797088,BLIND,1957511,,complete,,5f5f93eb4b615b000b4cff18,computer,Desktop or Laptop,Windows 10,Chrome 85.0.4183.102,1280x720,1280x578,,HeadphonesCheck,1,8353.65499999898,"<p style=""color: black; font-size: 28px; font-weight: bold;"">This is a sound check. Please turn on the sound on.</p>",
2,1600099746529,14/09/2020 16:09:06,1600099746572,1,14/09/2020 17:09:06,25911,5,task-qgn4,,6797088,BLIND,1957511,,complete,,5f5f93eb4b615b000b4cff18,computer,Desktop or Laptop,Windows 10,Chrome 85.0.4183.102,1280x720,1280x578,,HeadphonesCheck,1,3104.1000000004715,/task/40825/1/asset/Dog.mp3,1
3,1600099748357,14/09/2020 16:09:08,1600099748402,1,14/09/2020 17:09:08,25911,5,task-qgn4,,6797088,BLIND,1957511,,complete,,5f5f93eb4b615b000b4cff18,computer,Desktop or Laptop,Windows 10,Chrome 85.0.4183.102,1280x720,1280x578,,HeadphonesCheck,1,1827.1350000013626,/task/40825/1/asset/Owl.mp3,0
4,1600099749888,14/09/2020 16:09:09,1600099749929,1,14/09/2020 17:09:09,25911,5,task-qgn4,,6797088,BLIND,1957511,,complete,,5f5f93eb4b615b000b4cff18,computer,Desktop or Laptop,Windows 10,Chrome 85.0.4183.102,1280x720,1280x578,,HeadphonesCheck,1,1525.69499999845,/task/40825/1/asset/Goat.mp3,0
1,1600099931769,14/09/2020 16:12:11,1600099930741,2,14/09/2020 18:12:10,25911,5,task-qgn4,,6797160,BLIND,1957526,,complete,,5f5f95a642dc72000a6daf1c,computer,Desktop or Laptop,Windows 10,Chrome 85.0.4183.102,1680x1050,1680x939,,HeadphonesCheck,1,25773.619999999937,"<p style=""color: black; font-size: 28px; font-weight: bold;"">This is a sound check. Please turn on the sound on.</p>",
2,1600099935864,14/09/2020 16:12:15,1600099934954,2,14/09/2020 18:12:14,25911,5,task-qgn4,,6797160,BLIND,1957526,,complete,,5f5f95a642dc72000a6daf1c,computer,Desktop or Laptop,Windows 10,Chrome 85.0.4183.102,1680x1050,1680x939,,HeadphonesCheck,1,4209.8450000012235,/task/40825/1/asset/Dog.mp3,1
3,1600099940863,14/09/2020 16:12:20,1600099939938,2,14/09/2020 18:12:19,25911,5,task-qgn4,,6797160,BLIND,1957526,,complete,,5f5f95a642dc72000a6daf1c,computer,Desktop or Laptop,Windows 10,Chrome 85.0.4183.102,1680x1050,1680x939,,HeadphonesCheck,1,4981.660000001284,/task/40825/1/asset/Owl.mp3,0
4,1600099942114,14/09/2020 16:12:22,1600099941210,2,14/09/2020 18:12:21,25911,5,task-qgn4,,6797160,BLIND,1957526,,complete,,5f5f95a642dc72000a6daf1c,computer,Desktop or Laptop,Windows 10,Chrome 85.0.4183.102,1680x1050,1680x939,,HeadphonesCheck,1,1268.5250000031374,/task/40825/1/asset/Goat.mp3,0
1,1600099966150,14/09/2020 16:12:46,1600099965797,0,14/09/2020 16:12:45,25911,5,task-qgn4,,6797170,BLIND,1957512,,complete,,5f5f95145e8b51000a20687c,computer,Desktop or Laptop,Windows 10,Chrome 85.0.4183.102,1366x768,1366x625,,HeadphonesCheck,1,39379.63499996113,"<p style=""color: black; font-size: 28px; font-weight: bold;"">This is a sound check. Please turn on the sound on.</p>",
2,1600099972760,14/09/2020 16:12:52,1600099972532,0,14/09/2020 16:12:52,25911,5,task-qgn4,,6797170,BLIND,1957512,,complete,,5f5f95145e8b51000a20687c,computer,Desktop or Laptop,Windows 10,Chrome 85.0.4183.102,1366x768,1366x625,,HeadphonesCheck,1,6725.225000001956,/task/40825/1/asset/Dog.mp3,1
3,1600099980931,14/09/2020 16:13:00,1600099980628,0,14/09/2020 16:13:00,25911,5,task-qgn4,,6797170,BLIND,1957512,,complete,,5f5f95145e8b51000a20687c,computer,Desktop or Laptop,Windows 10,Chrome 85.0.4183.102,1366x768,1366x625,,HeadphonesCheck,1,8093.890000018291,/task/40825/1/asset/Owl.mp3,0
4,1600099984447,14/09/2020 16:13:04,1600099984228,0,14/09/2020 16:13:04,25911,5,task-qgn4,,6797170,BLIND,1957512,,complete,,5f5f95145e8b51000a20687c,computer,Desktop or Laptop,Windows 10,Chrome 85.0.4183.102,1366x768,1366x625,,HeadphonesCheck,1,3598.085000005085,/task/40825/1/asset/Goat.mp3,0
1,1600102783667,14/09/2020 16:59:43,1600102789365,2,14/09/2020 18:59:49,25911,5,task-qgn4,,6797842,BLIND,1957822,,complete,,5f5fa06bf260d6022215ea4b,computer,Desktop or Laptop,Windows 10,Chrome 85.0.4183.102,1920x1080,1920x969,,HeadphonesCheck,1,9285.710000000108,"<p style=""color: black; font-size: 28px; font-weight: bold;"">This is a sound check. Please turn on the sound on.</p>",
2,1600102787788,14/09/2020 16:59:47,1600102793607,2,14/09/2020 18:59:53,25911,5,task-qgn4,,6797842,BLIND,1957822,,complete,,5f5fa06bf260d6022215ea4b,computer,Desktop or Laptop,Windows 10,Chrome 85.0.4183.102,1920x1080,1920x969,,HeadphonesCheck,1,4234.735000000001,/task/40825/1/asset/Dog.mp3,1
3,1600102791263,14/09/2020 16:59:51,1600102797088,2,14/09/2020 18:59:57,25911,5,task-qgn4,,6797842,BLIND,1957822,,complete,,5f5fa06bf260d6022215ea4b,computer,Desktop or Laptop,Windows 10,Chrome 85.0.4183.102,1920x1080,1920x969,,HeadphonesCheck,1,3479.25000000032,/task/40825/1/asset/Owl.mp3,0
4,1600102792672,14/09/2020 16:59:52,1600102798493,2,14/09/2020 18:59:58,25911,5,task-qgn4,,6797842,BLIND,1957822,,complete,,5f5fa06bf260d6022215ea4b,computer,Desktop or Laptop,Windows 10,Chrome 85.0.4183.102,1920x1080,1920x969,,HeadphonesCheck,1,1404.0399999994406,/task/40825/1/asset/Goat.mp3,0
1,1600103133622,14/09/2020 17:05:33,1600103132215,2,14/09/2020 19:05:32,25911,5,task-qgn4,,6797900,BLIND,1957788,,complete,,5f5f9ea01891d501ca19c174,computer,Desktop or Laptop,Windows 10,Chrome 85.0.4183.102,1920x1080,1920x937,,HeadphonesCheck,1,6971.040000003995,"<p style=""color: black; font-size: 28px; font-weight: bold;"">This is a sound check. Please turn on the sound on.</p>",
2,1600103136997,14/09/2020 17:05:36,1600103135710,2,14/09/2020 19:05:35,25911,5,task-qgn4,,6797900,BLIND,1957788,,complete,,5f5f9ea01891d501ca19c174,computer,Desktop or Laptop,Windows 10,Chrome 85.0.4183.102,1920x1080,1920x937,,HeadphonesCheck,1,3484.7650000010617,/task/40825/1/asset/Dog.mp3,1
3,1600103138878,14/09/2020 17:05:38,1600103137571,2,14/09/2020 19:05:37,25911,5,task-qgn4,,6797900,BLIND,1957788,,complete,,5f5f9ea01891d501ca19c174,computer,Desktop or Laptop,Windows 10,Chrome 85.0.4183.102,1920x1080,1920x937,,HeadphonesCheck,1,1858.4499999997206,/task/40825/1/asset/Owl.mp3,0
4,1600103141395,14/09/2020 17:05:41,1600103140074,2,14/09/2020 19:05:40,25911,5,task-qgn4,,6797900,BLIND,1957788,,complete,,5f5f9ea01891d501ca19c174,computer,Desktop or Laptop,Windows 10,Chrome 85.0.4183.102,1920x1080,1920x937,,HeadphonesCheck,1,2500.99999998929,/task/40825/1/asset/Goat.mp3,0
1,1600105868645,14/09/2020 17:51:08,1600105868417,2,14/09/2020 19:51:08,25911,5,task-qgn4,,6798568,BLIND,1958318,,complete,,5f5fac1d69134a039121f099,computer,Desktop or Laptop,Windows 10,Chrome 85.0.4183.102,1536x864,1536x754,,HeadphonesCheck,1,55179.49999985285,"<p style=""color: black; font-size: 28px; font-weight: bold;"">This is a sound check. Please turn on the sound on.</p>",
2,1600105873068,14/09/2020 17:51:13,1600105872978,2,14/09/2020 19:51:12,25911,5,task-qgn4,,6798568,BLIND,1958318,,complete,,5f5fac1d69134a039121f099,computer,Desktop or Laptop,Windows 10,Chrome 85.0.4183.102,1536x864,1536x754,,HeadphonesCheck,1,4543.705000076443,/task/40825/1/asset/Dog.mp3,1
3,1600105879706,14/09/2020 17:51:19,1600105879627,2,14/09/2020 19:51:19,25911,5,task-qgn4,,6798568,BLIND,1958318,,complete,,5f5fac1d69134a039121f099,computer,Desktop or Laptop,Windows 10,Chrome 85.0.4183.102,1536x864,1536x754,,HeadphonesCheck,1,6646.350000053644,/task/40825/1/asset/Owl.mp3,0
4,1600105885051,14/09/2020 17:51:25,1600105884993,2,14/09/2020 19:51:24,25911,5,task-qgn4,,6798568,BLIND,1958318,,complete,,5f5fac1d69134a039121f099,computer,Desktop or Laptop,Windows 10,Chrome 85.0.4183.102,1536x864,1536x754,,HeadphonesCheck,1,5362.925000023097,/task/40825/1/asset/Goat.mp3,0
END OF FILE
